{
  "pringles": {
    "waypoints": [
      {
        "location": [
          -36.558173646019895,
          860.1334568956809,
          159.497713692796
        ],
        "rotation": [
          83.92920684814455,
          0.10017842799425128,
          83.51860809326173
        ]
      }
    ]
  },
  "coconut_water": {
    "waypoints": [
      {
        "location": [
          -595.3268032108034,
          802.5449168465998,
          211.06433058890465
        ],
        "rotation": [
          79.72122955322266,
          0.10017842799425128,
          -2.468053102493286
        ]
      }
    ]
  },
  "coffee_machine": {
    "waypoints": [
      {
        "location": [
          -589.7603197727892,
          1781.6476974019727,
          163.59991755888882
        ],
        "rotation": [
          86.80848693847658,
          0.10017842799425127,
          -94.37071228027344
        ]
      },
      {
        "location": [
          118.14830484782331,
          1755.3615997204197,
          232.23073980822872
        ],
        "rotation": [
          85.13726806640625,
          0.10017842799425128,
          176.543212890625
        ]
      },
      {
        "location": [
          101.14763640752952,
          939.4080967757496,
          222.43348390791627
        ],
        "rotation": [
          83.04991912841798,
          0.10017842799425121,
          -155.156982421875
        ]
      }
    ]
  },
  "cheetos": {
    "waypoints": [
      {
        "location": [
          -175.36727611101333,
          714.4559742924841,
          225.8757222425901
        ],
        "rotation": [
          80.27669525146486,
          0.10017842799425129,
          -3.1264123916625994
        ]
      }
    ]
  },
  "outside": {
    "waypoints": [
      {
        "location": [
          -56.41042299506909,
          774.4317481495923,
          165.70469083705785
        ],
        "rotation": [
          86.29582977294922,
          0.10017842799425128,
          -2.245402336120606
        ]
      },
      {
        "location": [
          43.904105887063274,
          -1676.693450905294,
          231.91602919237639
        ],
        "rotation": [
          86.54337310791017,
          0.10017842799425129,
          2.302276849746705
        ]
      }
    ]
  }
}