{
  "start": {
    "location": [
      -64.24611,
      -204.61235,
      194.4729
    ],
    "rotation": [
      80.31490380011977,
      0.10017842745035847,
      0.43399673513639875
    ],
    "description": "start"
  },
  "coconut_water": {
    "location": [
      -603.6593851549262,
      1622.6953737259955,
      132.026299689495
    ],
    "rotation": [
      86.80848693847658,
      0.10017842799425127,
      -94.37071228027344
    ],
    "description": "coconut water"
  },
  "coffee_machine": {
    "location": [
      346.64811056828535,
      577.5242271632544,
      230.4247588182296
    ],
    "rotation": [
      76.25558471679689,
      0.10017842799425128,
      -6.514422416687013
    ],
    "description": "coffee machine"
  },
  "cheetos": {
    "location": [
      -318.74268223134123,
      782.3119322064731,
      166.16356925000403
    ],
    "rotation": [
      69.09728240966797,
      0.10017842799425128,
      -1.776652455329895
    ],
    "description": "cheetos"
  },
  "outside": {
    "location": [
      43.904105887063274,
      -1676.693450905294,
      231.91602919237639
    ],
    "rotation": [
      86.54337310791017,
      0.10017842799425129,
      2.302276849746705
    ],
    "description": "outside"
  },
  "pringles": {
    "location": [
      -433.8443909125817,
      788.8048224993478,
      152.53619348022104
    ],
    "rotation": [
      72.32945251464845,
      0.10017842799425128,
      -0.5884832143783569
    ],
    "description": "pringles"
  }
}